﻿V1,V2,V3,V4,V5,V6,V7,V8,V9,V10,Q1_1,Q1_2,Q1_3,Q2_1,Q2_2,Q2_3,Q3_1_1,Q3_1_2,Q3_1_3,Q3_2_1,Q3_2_2,Q3_2_3,Q3_3_1,Q3_3_2,Q3_3_3,Q4_1,Q4_2,Q4_3,Q7,Q8,Q9,Q10,Q11,Q17_1,Q17_2,Q17_3,Q12_1,Q12_2,Q12_3,Q11_1,Q11_2,Q11_3,Q12_1,Q12_2,Q12_3,Q13_1,Q13_2,Q13_3,Q14_1,Q14_2,Q14_3,Q15#1_1_1,Q15#1_1_2,Q15#1_2_1,Q15#1_2_2,Q15#1_3_1,Q15#1_3_2,Q15#2_1,Q15#2_2,Q15#2_3,LocationLatitude,LocationLongitude,LocationAccuracy,
ResponseID,ResponseSet,Name,ExternalDataReference,EmailAddress,IPAddress,Status,StartDate,EndDate,Finished,Question 1.  This is a bipolar matrix.-Click to write Choice 1:Right,Question 1.  This is a bipolar matrix.-Click to write Choice 2:Right,Question 1.  This is a bipolar matrix.-Click to write Choice 3:Right,Question 2 This is a single answer likert matrix.-Click to write Choice 1,Question 2 This is a single answer likert matrix.-Click to write Choice 2,Question 2 This is a single answer likert matrix.-Click to write Choice 3,Question 3 This is a multiple answer likert matrix-Click to write Choice 1-Click to write Scale point 1,Question 3 This is a multiple answer likert matrix-Click to write Choice 1-Click to write Scale point 2,Question 3 This is a multiple answer likert matrix-Click to write Choice 1-Click to write Scale point 3,Question 3 This is a multiple answer likert matrix-Click to write Choice 2-Click to write Scale point 1,Question 3 This is a multiple answer likert matrix-Click to write Choice 2-Click to write Scale point 2,Question 3 This is a multiple answer likert matrix-Click to write Choice 2-Click to write Scale point 3,Question 3 This is a multiple answer likert matrix-Click to write Choice 3-Click to write Scale point 1,Question 3 This is a multiple answer likert matrix-Click to write Choice 3-Click to write Scale point 2,Question 3 This is a multiple answer likert matrix-Click to write Choice 3-Click to write Scale point 3,Question 4 This is a drop down matrix-Click to write Choice 1,Question 4 This is a drop down matrix-Click to write Choice 2,Question 4 This is a drop down matrix-Click to write Choice 3,Question 7. This is a single answer horizontal question,Question 8. This is a single answer vertical question,Question 9 This is a single answer column question,Question 10 This is a drop down list,Question 11 This is a single selection box,Question 11 This is a multiple selection box-Click to write Choice 1,Question 11 This is a multiple selection box-Click to write Choice 2,Question 11 This is a multiple selection box-Click to write Choice 3,Question 12  This is a multiple answer (check all) column question.-Click to write Choice 1,Question 12  This is a multiple answer (check all) column question.-Click to write Choice 2,Question 12  This is a multiple answer (check all) column question.-Click to write Choice 3,Question 13 This is a multiple choice (check all) horizontal question-Click to write Choice 1,Question 13 This is a multiple choice (check all) horizontal question-Click to write Choice 2,Question 13 This is a multiple choice (check all) horizontal question-Click to write Choice 3,Question 14 This is a multiple choice (check all) vertical question-Click to write Choice 1,Question 14 This is a multiple choice (check all) vertical question-Click to write Choice 2,Question 14 This is a multiple choice (check all) vertical question-Click to write Choice 3,This is a drag and drop rank order question-Click to write Item 1,This is a drag and drop rank order question-Click to write Item 2,This is a drag and drop rank order question-Click to write Item 3,This is a radio button rank order question-Click to write Item 1,This is a radio button rank order question-Click to write Item 2,This is a radio button rank order question-Click to write Item 3,This is a side by side question  Column 1 has multiple answers  Column 2 has single answers : Click to write Column 1-Click to write Statement 1-Answer 1,This is a side by side question  Column 1 has multiple answers  Column 2 has single answers : Click to write Column 1-Click to write Statement 1-Answer 2,This is a side by side question  Column 1 has multiple answers  Column 2 has single answers : Click to write Column 1-Click to write Statement 2-Answer 1,This is a side by side question  Column 1 has multiple answers  Column 2 has single answers : Click to write Column 1-Click to write Statement 2-Answer 2,This is a side by side question  Column 1 has multiple answers  Column 2 has single answers : Click to write Column 1-Click to write Statement 3-Answer 1,This is a side by side question  Column 1 has multiple answers  Column 2 has single answers : Click to write Column 1-Click to write Statement 3-Answer 2,This is a side by side question  Column 1 has multiple answers  Column 2 has single answers : Click to write Column 2-Click to write Statement 1,This is a side by side question  Column 1 has multiple answers  Column 2 has single answers : Click to write Column 2-Click to write Statement 2,This is a side by side question  Column 1 has multiple answers  Column 2 has single answers : Click to write Column 2-Click to write Statement 3,LocationLatitude,LocationLongitude,LocationAccuracy,
R_Ol1OljNfeLYfDyh,Default Response Set,Anonymous,,,130.64.25.62,0,2016-02-24 16:04:43,2016-02-24 16:05:35,1,3,2,1,1,2,2,1,1,0,0,1,0,0,0,1,2,2,-99,2,2,1,3,3,,,,1,0,0,1,0,0,0,1,0,3,2,1,3,2,1,0,1,0,1,-99,-99,-99,1,2,42.401901245117,-71.119300842285,-1,
R_2Xbq7ZNwQp4m9yc,Default Response Set,Anonymous,,,130.64.25.62,0,2016-02-24 16:05:41,2016-02-24 16:07:42,1,1,2,1,2,2,-99,1,0,0,1,0,0,-99,-99,-99,1,-99,1,3,1,2,3,1,,,,1,1,0,1,0,0,0,1,1,3,1,2,3,1,-99,1,0,1,0,-99,-99,-99,-99,1,42.401901245117,-71.119300842285,-1,
R_2WMc1fqWALzsz0W,Default Response Set,Anonymous,,,130.64.25.62,0,2016-02-24 16:07:45,2016-02-24 16:08:29,1,1,1,1,2,2,2,0,1,0,0,1,0,0,1,0,2,2,2,3,2,2,2,1,1,1,0,1,0,0,1,1,0,0,1,1,3,1,2,-99,2,1,0,1,0,1,0,1,1,1,1,42.401901245117,-71.119300842285,-1,
R_1Rj9Ro7N3ZI6Nup,Default Response Set,Anonymous,,,130.64.25.62,0,2016-02-24 16:08:34,2016-02-24 16:09:22,1,3,2,2,2,2,2,1,0,0,0,1,0,0,1,0,1,1,2,3,3,1,2,2,0,0,1,1,0,0,0,1,0,1,0,0,3,1,2,2,-99,3,1,1,1,1,1,1,1,1,1,42.401901245117,-71.119300842285,-1,
R_3kG01ywLNNo2jm2,Default Response Set,Anonymous,,,130.64.25.62,0,2016-02-24 16:09:24,2016-02-24 16:09:33,1,-99,-99,-99,-99,-99,-99,-99,-99,-99,-99,-99,-99,-99,-99,-99,-99,-99,-99,-99,-99,-99,-99,-99,-99,-99,-99,-99,-99,-99,-99,-99,-99,-99,-99,-99,-99,-99,-99,-99,-99,-99,-99,-99,-99,-99,-99,-99,-99,-99,-99,42.401901245117,-71.119300842285,-1,
R_123xF2iIkm3HWk4,Default Response Set,Anonymous,,,130.64.25.62,0,2016-02-24 16:10:28,2016-02-24 16:11:24,1,2,2,2,3,3,3,0,1,0,1,0,0,-99,-99,-99,2,2,2,2,1,2,2,1,0,1,1,1,1,1,0,1,0,1,0,0,1,3,2,1,-99,2,1,1,1,1,1,1,1,1,1,42.401901245117,-71.119300842285,-1,
